uprn,label,postcode,easting,northing,ward_gss
9000000001,1 Pembury Street,E8 6PS,531870,187092,E05009367
9000000002,2 Pembury Street,E8 6PS,531813,187164,E05009367
9000000003,3 Pembury Street,E8 6PS,531653,186806,E05009367
9000000004,4 Pembury Street,E8 6PS,531848,186480,E05009367
9000000005,5 Pembury Street,E8 6PS,531855,187107,E05009367
9000000006,6 Pembury Street,E8 6PS,532311,186611,E05009367
9000000007,7 Pembury Street,E8 6PS,532162,186755,E05009367
9000000008,8 Pembury Street,E8 6PS,531556,186819,E05009367
9000000009,9 Pembury Street,E8 6PS,531949,187097,E05009367
9000000010,10 Pembury Street,E8 6PS,531833,186930,E05009367
9000000011,11 Pembury Street,E8 6PS,532041,187074,E05009367
9000000012,12 Pembury Street,E8 6PS,531921,187084,E05009367
9000000013,1 Lauriston Crescent,N1 2AD,531987,186762,E05009367
9000000014,2 Lauriston Crescent,N1 2AD,532133,186750,E05009367
9000000015,3 Lauriston Crescent,N1 2AD,531858,186488,E05009367
9000000016,4 Lauriston Crescent,N1 2AD,531643,186869,E05009367
9000000017,5 Lauriston Crescent,N1 2AD,531836,186746,E05009367
9000000018,6 Lauriston Crescent,N1 2AD,532295,186476,E05009367
9000000019,7 Lauriston Crescent,N1 2AD,531975,186702,E05009367
9000000020,8 Lauriston Crescent,N1 2AD,531918,186563,E05009367
9000000021,9 Lauriston Crescent,N1 2AD,532016,186488,E05009367
9000000022,10 Lauriston Crescent,N1 2AD,532015,186499,E05009367
9000000023,11 Lauriston Crescent,N1 2AD,531942,187191,E05009367
9000000024,12 Lauriston Crescent,N1 2AD,531999,186859,E05009367
9000000025,1 Glyn Gardens,E9 7TL,534397,187263,E05009368
9000000026,2 Glyn Gardens,E9 7TL,534474,187130,E05009368
9000000027,3 Glyn Gardens,E9 7TL,533826,186831,E05009368
9000000028,4 Glyn Gardens,E9 7TL,534288,186882,E05009368
9000000029,5 Glyn Gardens,E9 7TL,534145,186621,E05009368
9000000030,6 Glyn Gardens,E9 7TL,533837,186779,E05009368
9000000031,7 Glyn Gardens,E9 7TL,534308,187388,E05009368
9000000032,8 Glyn Gardens,E9 7TL,534065,187303,E05009368
9000000033,9 Glyn Gardens,E9 7TL,533881,187357,E05009368
9000000034,10 Glyn Gardens,E9 7TL,534224,186899,E05009368
9000000035,11 Glyn Gardens,E9 7TL,534158,187062,E05009368
9000000036,12 Glyn Gardens,E9 7TL,534396,187289,E05009368
9000000037,1 Lea Bridge Walk,E2 8HJ,534134,187299,E05009368
9000000038,2 Lea Bridge Walk,E2 8HJ,534176,187363,E05009368
9000000039,3 Lea Bridge Walk,E2 8HJ,533979,187189,E05009368
9000000040,4 Lea Bridge Walk,E2 8HJ,534198,187205,E05009368
9000000041,5 Lea Bridge Walk,E2 8HJ,534098,187231,E05009368
9000000042,6 Lea Bridge Walk,E2 8HJ,534002,186821,E05009368
9000000043,7 Lea Bridge Walk,E2 8HJ,534058,186977,E05009368
9000000044,8 Lea Bridge Walk,E2 8HJ,534309,186775,E05009368
9000000045,9 Lea Bridge Walk,E2 8HJ,533841,186961,E05009368
9000000046,10 Lea Bridge Walk,E2 8HJ,533746,187016,E05009368
9000000047,11 Lea Bridge Walk,E2 8HJ,534067,186993,E05009368
9000000048,12 Lea Bridge Walk,E2 8HJ,534567,186706,E05009368
9000000049,1 Northwold Terrace,E2 1PN,533027,185537,E05009369
9000000050,2 Northwold Terrace,E2 1PN,532943,186570,E05009369
9000000051,3 Northwold Terrace,E2 1PN,533037,185869,E05009369
9000000052,4 Northwold Terrace,E2 1PN,532573,186464,E05009369
9000000053,5 Northwold Terrace,E2 1PN,533077,186013,E05009369
9000000054,6 Northwold Terrace,E2 1PN,532624,186604,E05009369
9000000055,7 Northwold Terrace,E2 1PN,533053,185624,E05009369
9000000056,8 Northwold Terrace,E2 1PN,532992,185759,E05009369
9000000057,9 Northwold Terrace,E2 1PN,533259,185735,E05009369
9000000058,10 Northwold Terrace,E2 1PN,533044,185526,E05009369
9000000059,11 Northwold Terrace,E2 1PN,532711,186823,E05009369
9000000060,12 Northwold Terrace,E2 1PN,532457,186680,E05009369
9000000061,1 Brooksby Gardens,N16 9QA,533150,185993,E05009369
9000000062,2 Brooksby Gardens,N16 9QA,533047,186311,E05009369
9000000063,3 Brooksby Gardens,N16 9QA,532933,185877,E05009369
9000000064,4 Brooksby Gardens,N16 9QA,533099,186179,E05009369
9000000065,5 Brooksby Gardens,N16 9QA,532732,186360,E05009369
9000000066,6 Brooksby Gardens,N16 9QA,532904,185531,E05009369
9000000067,7 Brooksby Gardens,N16 9QA,532775,186466,E05009369
9000000068,8 Brooksby Gardens,N16 9QA,533250,185634,E05009369
9000000069,9 Brooksby Gardens,N16 9QA,532701,186860,E05009369
9000000070,10 Brooksby Gardens,N16 9QA,532692,185848,E05009369
9000000071,11 Brooksby Gardens,N16 9QA,532564,185768,E05009369
9000000072,12 Brooksby Gardens,N16 9QA,533234,185447,E05009369
9000000073,1 Barbauld Street,E5 8WJ,533480,185004,E05009370
9000000074,2 Barbauld Street,E5 8WJ,533646,184865,E05009370
9000000075,3 Barbauld Street,E5 8WJ,533702,184933,E05009370
9000000076,4 Barbauld Street,E5 8WJ,533906,185143,E05009370
9000000077,5 Barbauld Street,E5 8WJ,533527,184937,E05009370
9000000078,6 Barbauld Street,E5 8WJ,533625,184870,E05009370
9000000079,7 Barbauld Street,E5 8WJ,533613,184580,E05009370
9000000080,8 Barbauld Street,E5 8WJ,533663,184901,E05009370
9000000081,9 Barbauld Street,E5 8WJ,533571,184945,E05009370
9000000082,10 Barbauld Street,E5 8WJ,533735,184795,E05009370
9000000083,11 Barbauld Street,E5 8WJ,533802,184750,E05009370
9000000084,12 Barbauld Street,E5 8WJ,533865,184729,E05009370
9000000085,1 Barbauld Terrace,E9 6LZ,534095,184932,E05009370
9000000086,2 Barbauld Terrace,E9 6LZ,533860,184999,E05009370
9000000087,3 Barbauld Terrace,E9 6LZ,533736,185096,E05009370
9000000088,4 Barbauld Terrace,E9 6LZ,533923,184784,E05009370
9000000089,5 Barbauld Terrace,E9 6LZ,534096,184727,E05009370
9000000090,6 Barbauld Terrace,E9 6LZ,534038,184610,E05009370
9000000091,7 Barbauld Terrace,E9 6LZ,533767,185162,E05009370
9000000092,8 Barbauld Terrace,E9 6LZ,533551,184759,E05009370
9000000093,9 Barbauld Terrace,E9 6LZ,533944,185043,E05009370
9000000094,10 Barbauld Terrace,E9 6LZ,533735,185213,E05009370
9000000095,11 Barbauld Terrace,E9 6LZ,534179,184917,E05009370
9000000096,12 Barbauld Terrace,E9 6LZ,533748,184817,E05009370
9000000097,1 Palatine Street,N16 6FB,533339,183858,E05009371
9000000098,2 Palatine Street,N16 6FB,533441,184077,E05009371
9000000099,3 Palatine Street,N16 6FB,533065,184562,E05009371
9000000100,4 Palatine Street,N16 6FB,533273,183897,E05009371
9000000101,5 Palatine Street,N16 6FB,533150,183927,E05009371
9000000102,6 Palatine Street,N16 6FB,533082,184184,E05009371
9000000103,7 Palatine Street,N16 6FB,533495,184337,E05009371
9000000104,8 Palatine Street,N16 6FB,533263,184678,E05009371
9000000105,9 Palatine Street,N16 6FB,533436,184495,E05009371
9000000106,10 Palatine Street,N16 6FB,533252,183855,E05009371
9000000107,11 Palatine Street,N16 6FB,532904,183923,E05009371
9000000108,12 Palatine Street,N16 6FB,532899,184138,E05009371
9000000109,1 Navarino Lane,E5 7YT,533171,184271,E05009371
9000000110,2 Navarino Lane,E5 7YT,533168,183837,E05009371
9000000111,3 Navarino Lane,E5 7YT,532835,183876,E05009371
9000000112,4 Navarino Lane,E5 7YT,533185,184520,E05009371
9000000113,5 Navarino Lane,E5 7YT,533157,183898,E05009371
9000000114,6 Navarino Lane,E5 7YT,533118,184632,E05009371
9000000115,7 Navarino Lane,E5 7YT,533239,183758,E05009371
9000000116,8 Navarino Lane,E5 7YT,533177,183804,E05009371
9000000117,9 Navarino Lane,E5 7YT,533424,184234,E05009371
9000000118,10 Navarino Lane,E5 7YT,533094,184032,E05009371
9000000119,11 Navarino Lane,E5 7YT,532816,183816,E05009371
9000000120,12 Navarino Lane,E5 7YT,533109,184108,E05009371
9000000121,1 Kenninghall Gardens,N16 7RJ,534458,184797,E05009372
9000000122,2 Kenninghall Gardens,N16 7RJ,534189,185128,E05009372
9000000123,3 Kenninghall Gardens,N16 7RJ,534743,185063,E05009372
9000000124,4 Kenninghall Gardens,N16 7RJ,534335,185068,E05009372
9000000125,5 Kenninghall Gardens,N16 7RJ,534071,185028,E05009372
9000000126,6 Kenninghall Gardens,N16 7RJ,534591,185171,E05009372
9000000127,7 Kenninghall Gardens,N16 7RJ,534085,184969,E05009372
9000000128,8 Kenninghall Gardens,N16 7RJ,534676,185262,E05009372
9000000129,9 Kenninghall Gardens,N16 7RJ,534409,184619,E05009372
9000000130,10 Kenninghall Gardens,N16 7RJ,534547,185120,E05009372
9000000131,11 Kenninghall Gardens,N16 7RJ,534569,184546,E05009372
9000000132,12 Kenninghall Gardens,N16 7RJ,534253,185361,E05009372
9000000133,1 Glyn Crescent,N1 3FT,534648,185243,E05009372
9000000134,2 Glyn Crescent,N1 3FT,534556,184752,E05009372
9000000135,3 Glyn Crescent,N1 3FT,534410,184822,E05009372
9000000136,4 Glyn Crescent,N1 3FT,534712,184946,E05009372
9000000137,5 Glyn Crescent,N1 3FT,534032,185234,E05009372
9000000138,6 Glyn Crescent,N1 3FT,534776,184691,E05009372
9000000139,7 Glyn Crescent,N1 3FT,534251,185338,E05009372
9000000140,8 Glyn Crescent,N1 3FT,534128,185105,E05009372
9000000141,9 Glyn Crescent,N1 3FT,534825,185521,E05009372
9000000142,10 Glyn Crescent,N1 3FT,534771,185431,E05009372
9000000143,11 Glyn Crescent,N1 3FT,534442,185012,E05009372
9000000144,12 Glyn Crescent,N1 3FT,534642,184980,E05009372
9000000145,1 Sylvester Crescent,E5 6AB,535031,185559,E05009373
9000000146,2 Sylvester Crescent,E5 6AB,534734,186155,E05009373
9000000147,3 Sylvester Crescent,E5 6AB,534813,185603,E05009373
9000000148,4 Sylvester Crescent,E5 6AB,534563,185612,E05009373
9000000149,5 Sylvester Crescent,E5 6AB,534843,185904,E05009373
9000000150,6 Sylvester Crescent,E5 6AB,534463,186233,E05009373
9000000151,7 Sylvester Crescent,E5 6AB,534239,186575,E05009373
9000000152,8 Sylvester Crescent,E5 6AB,534488,186163,E05009373
9000000153,9 Sylvester Crescent,E5 6AB,534223,185899,E05009373
9000000154,10 Sylvester Crescent,E5 6AB,534700,185695,E05009373
9000000155,11 Sylvester Crescent,E5 6AB,534795,186149,E05009373
9000000156,12 Sylvester Crescent,E5 6AB,534388,185824,E05009373
9000000157,1 Bellfast Terrace,N1 4QF,534012,186187,E05009373
9000000158,2 Bellfast Terrace,N1 4QF,534523,186432,E05009373
9000000159,3 Bellfast Terrace,N1 4QF,534283,186498,E05009373
9000000160,4 Bellfast Terrace,N1 4QF,534899,185859,E05009373
9000000161,5 Bellfast Terrace,N1 4QF,534417,186412,E05009373
9000000162,6 Bellfast Terrace,N1 4QF,534563,185552,E05009373
9000000163,7 Bellfast Terrace,N1 4QF,534234,186397,E05009373
9000000164,8 Bellfast Terrace,N1 4QF,534631,186444,E05009373
9000000165,9 Bellfast Terrace,N1 4QF,534235,186162,E05009373
9000000166,10 Bellfast Terrace,N1 4QF,534265,186469,E05009373
9000000167,11 Bellfast Terrace,N1 4QF,534252,186004,E05009373
9000000168,12 Bellfast Terrace,N1 4QF,534204,185932,E05009373
9000000169,1 Gascoyne Street,E9 5ZB,536658,184935,E05009374
9000000170,2 Gascoyne Street,E9 5ZB,537272,185199,E05009374
9000000171,3 Gascoyne Street,E9 5ZB,537554,184811,E05009374
9000000172,4 Gascoyne Street,E9 5ZB,536857,185227,E05009374
9000000173,5 Gascoyne Street,E9 5ZB,535809,184617,E05009374
9000000174,6 Gascoyne Street,E9 5ZB,536454,185248,E05009374
9000000175,7 Gascoyne Street,E9 5ZB,536139,184762,E05009374
9000000176,8 Gascoyne Street,E9 5ZB,536860,185314,E05009374
9000000177,9 Gascoyne Street,E9 5ZB,536301,184591,E05009374
9000000178,10 Gascoyne Street,E9 5ZB,537224,185426,E05009374
9000000179,11 Gascoyne Street,E9 5ZB,535730,184418,E05009374
9000000180,12 Gascoyne Street,E9 5ZB,535794,184446,E05009374
9000000181,1 Palatine Road,E5 4LT,535508,184459,E05009374
9000000182,2 Palatine Road,E5 4LT,536987,185416,E05009374
9000000183,3 Palatine Road,E5 4LT,536056,185043,E05009374
9000000184,4 Palatine Road,E5 4LT,536962,184700,E05009374
9000000185,5 Palatine Road,E5 4LT,536056,184408,E05009374
9000000186,6 Palatine Road,E5 4LT,535858,184599,E05009374
9000000187,7 Palatine Road,E5 4LT,537463,185199,E05009374
9000000188,8 Palatine Road,E5 4LT,537026,184759,E05009374
9000000189,9 Palatine Road,E5 4LT,535674,184440,E05009374
9000000190,10 Palatine Road,E5 4LT,537069,184989,E05009374
9000000191,11 Palatine Road,E5 4LT,537204,185319,E05009374
9000000192,12 Palatine Road,E5 4LT,536236,185045,E05009374
9000000193,1 Brooksby Terrace,N16 3YP,533523,183346,E05009375
9000000194,2 Brooksby Terrace,N16 3YP,534427,183708,E05009375
9000000195,3 Brooksby Terrace,N16 3YP,534126,183915,E05009375
9000000196,4 Brooksby Terrace,N16 3YP,533836,183171,E05009375
9000000197,5 Brooksby Terrace,N16 3YP,533952,183315,E05009375
9000000198,6 Brooksby Terrace,N16 3YP,534371,183455,E05009375
9000000199,7 Brooksby Terrace,N16 3YP,534247,183673,E05009375
9000000200,8 Brooksby Terrace,N16 3YP,534199,183751,E05009375
9000000201,9 Brooksby Terrace,N16 3YP,533732,183344,E05009375
9000000202,10 Brooksby Terrace,N16 3YP,534358,183672,E05009375
9000000203,11 Brooksby Terrace,N16 3YP,534406,183756,E05009375
9000000204,12 Brooksby Terrace,N16 3YP,533962,183311,E05009375
9000000205,1 Southwold Crescent,N1 5TT,533792,183531,E05009375
9000000206,2 Southwold Crescent,N1 5TT,534197,183314,E05009375
9000000207,3 Southwold Crescent,N1 5TT,533724,183573,E05009375
9000000208,4 Southwold Crescent,N1 5TT,533777,183426,E05009375
9000000209,5 Southwold Crescent,N1 5TT,533681,183373,E05009375
9000000210,6 Southwold Crescent,N1 5TT,534368,183472,E05009375
9000000211,7 Southwold Crescent,N1 5TT,534169,183626,E05009375
9000000212,8 Southwold Crescent,N1 5TT,533570,183254,E05009375
9000000213,9 Southwold Crescent,N1 5TT,533934,183648,E05009375
9000000214,10 Southwold Crescent,N1 5TT,533488,183507,E05009375
9000000215,11 Southwold Crescent,N1 5TT,533901,183676,E05009375
9000000216,12 Southwold Crescent,N1 5TT,534160,183697,E05009375
9000000217,1 Bellfast Gardens,E9 4YB,534969,185334,E05009376
9000000218,2 Bellfast Gardens,E9 4YB,535269,185428,E05009376
9000000219,3 Bellfast Gardens,E9 4YB,535255,184504,E05009376
9000000220,4 Bellfast Gardens,E9 4YB,535000,184853,E05009376
9000000221,5 Bellfast Gardens,E9 4YB,535400,184493,E05009376
9000000222,6 Bellfast Gardens,E9 4YB,535474,185289,E05009376
9000000223,7 Bellfast Gardens,E9 4YB,535879,184959,E05009376
9000000224,8 Bellfast Gardens,E9 4YB,535115,185124,E05009376
9000000225,9 Bellfast Gardens,E9 4YB,535052,184757,E05009376
9000000226,10 Bellfast Gardens,E9 4YB,535356,184861,E05009376
9000000227,11 Bellfast Gardens,E9 4YB,535289,184803,E05009376
9000000228,12 Bellfast Gardens,E9 4YB,535531,185357,E05009376
9000000229,1 Chatsworth Lane,E8 7FH,534973,185478,E05009376
9000000230,2 Chatsworth Lane,E8 7FH,535866,184757,E05009376
9000000231,3 Chatsworth Lane,E8 7FH,535336,185102,E05009376
9000000232,4 Chatsworth Lane,E8 7FH,535045,185198,E05009376
9000000233,5 Chatsworth Lane,E8 7FH,535146,185330,E05009376
9000000234,6 Chatsworth Lane,E8 7FH,535123,185314,E05009376
9000000235,7 Chatsworth Lane,E8 7FH,535358,185028,E05009376
9000000236,8 Chatsworth Lane,E8 7FH,534996,185368,E05009376
9000000237,9 Chatsworth Lane,E8 7FH,535559,184913,E05009376
9000000238,10 Chatsworth Lane,E8 7FH,535281,184856,E05009376
9000000239,11 Chatsworth Lane,E8 7FH,535475,184607,E05009376
9000000240,12 Chatsworth Lane,E8 7FH,535129,184943,E05009376
9000000241,1 Pembury Walk,N16 2DE,533176,183651,E05009377
9000000242,2 Pembury Walk,N16 2DE,533451,182251,E05009377
9000000243,3 Pembury Walk,N16 2DE,533391,182785,E05009377
9000000244,4 Pembury Walk,N16 2DE,533323,182928,E05009377
9000000245,5 Pembury Walk,N16 2DE,533258,182254,E05009377
9000000246,6 Pembury Walk,N16 2DE,533013,182077,E05009377
9000000247,7 Pembury Walk,N16 2DE,533287,182330,E05009377
9000000248,8 Pembury Walk,N16 2DE,533366,183362,E05009377
9000000249,9 Pembury Walk,N16 2DE,533149,182079,E05009377
9000000250,10 Pembury Walk,N16 2DE,532806,183403,E05009377
9000000251,11 Pembury Walk,N16 2DE,533197,182896,E05009377
9000000252,12 Pembury Walk,N16 2DE,533155,182604,E05009377
9000000253,1 Kenninghall Lane,E2 1TU,532780,183720,E05009377
9000000254,2 Kenninghall Lane,E2 1TU,533112,182533,E05009377
9000000255,3 Kenninghall Lane,E2 1TU,533385,182656,E05009377
9000000256,4 Kenninghall Lane,E2 1TU,533377,182073,E05009377
9000000257,5 Kenninghall Lane,E2 1TU,533586,182234,E05009377
9000000258,6 Kenninghall Lane,E2 1TU,533074,181863,E05009377
9000000259,7 Kenninghall Lane,E2 1TU,533472,182793,E05009377
9000000260,8 Kenninghall Lane,E2 1TU,533134,181907,E05009377
9000000261,9 Kenninghall Lane,E2 1TU,533322,183670,E05009377
9000000262,10 Kenninghall Lane,E2 1TU,533282,182089,E05009377
9000000263,11 Kenninghall Lane,E2 1TU,533413,183241,E05009377
9000000264,12 Kenninghall Lane,E2 1TU,532866,183472,E05009377
9000000265,1 Mursell Terrace,E8 6RW,532986,182910,E05009378
9000000266,2 Mursell Terrace,E8 6RW,532682,183177,E05009378
9000000267,3 Mursell Terrace,E8 6RW,532347,182849,E05009378
9000000268,4 Mursell Terrace,E8 6RW,532908,183008,E05009378
9000000269,5 Mursell Terrace,E8 6RW,532885,183001,E05009378
9000000270,6 Mursell Terrace,E8 6RW,532955,182690,E05009378
9000000271,7 Mursell Terrace,E8 6RW,532886,182716,E05009378
9000000272,8 Mursell Terrace,E8 6RW,532987,183284,E05009378
9000000273,9 Mursell Terrace,E8 6RW,532833,183122,E05009378
9000000274,10 Mursell Terrace,E8 6RW,532811,182666,E05009378
9000000275,11 Mursell Terrace,E8 6RW,532144,183199,E05009378
9000000276,12 Mursell Terrace,E8 6RW,532831,182544,E05009378
9000000277,1 Haggerston Lane,N1 3TQ,532923,182864,E05009378
9000000278,2 Haggerston Lane,N1 3TQ,532552,182958,E05009378
9000000279,3 Haggerston Lane,N1 3TQ,533033,183184,E05009378
9000000280,4 Haggerston Lane,N1 3TQ,532289,183221,E05009378
9000000281,5 Haggerston Lane,N1 3TQ,532232,183150,E05009378
9000000282,6 Haggerston Lane,N1 3TQ,532444,183270,E05009378
9000000283,7 Haggerston Lane,N1 3TQ,532657,183468,E05009378
9000000284,8 Haggerston Lane,N1 3TQ,532676,182726,E05009378
9000000285,9 Haggerston Lane,N1 3TQ,532457,183228,E05009378
9000000286,10 Haggerston Lane,N1 3TQ,532557,182967,E05009378
9000000287,11 Haggerston Lane,N1 3TQ,532873,182763,E05009378
9000000288,12 Haggerston Lane,N1 3TQ,532813,182628,E05009378
9000000289,1 Gascoyne Terrace,E9 1JG,536515,186398,E05009379
9000000290,2 Gascoyne Terrace,E9 1JG,536904,186195,E05009379
9000000291,3 Gascoyne Terrace,E9 1JG,536570,185912,E05009379
9000000292,4 Gascoyne Terrace,E9 1JG,535892,186040,E05009379
9000000293,5 Gascoyne Terrace,E9 1JG,536760,185748,E05009379
9000000294,6 Gascoyne Terrace,E9 1JG,535734,185515,E05009379
9000000295,7 Gascoyne Terrace,E9 1JG,536119,185224,E05009379
9000000296,8 Gascoyne Terrace,E9 1JG,536980,186264,E05009379
9000000297,9 Gascoyne Terrace,E9 1JG,535780,185950,E05009379
9000000298,10 Gascoyne Terrace,E9 1JG,537174,185691,E05009379
9000000299,11 Gascoyne Terrace,E9 1JG,536759,186046,E05009379
9000000300,12 Gascoyne Terrace,E9 1JG,535982,185643,E05009379
9000000301,1 Digby Crescent,E8 4LL,536930,185774,E05009379
9000000302,2 Digby Crescent,E8 4LL,536508,185962,E05009379
9000000303,3 Digby Crescent,E8 4LL,536315,185348,E05009379
9000000304,4 Digby Crescent,E8 4LL,536270,186184,E05009379
9000000305,5 Digby Crescent,E8 4LL,536354,185890,E05009379
9000000306,6 Digby Crescent,E8 4LL,535832,186296,E05009379
9000000307,7 Digby Crescent,E8 4LL,536333,185547,E05009379
9000000308,8 Digby Crescent,E8 4LL,536593,185865,E05009379
9000000309,9 Digby Crescent,E8 4LL,536968,185567,E05009379
9000000310,10 Digby Crescent,E8 4LL,536697,185776,E05009379
9000000311,11 Digby Crescent,E8 4LL,537049,186104,E05009379
9000000312,12 Digby Crescent,E8 4LL,536067,185983,E05009379
9000000313,1 Mursell Road,E8 8HQ,535110,185821,E05009380
9000000314,2 Mursell Road,E8 8HQ,535000,186674,E05009380
9000000315,3 Mursell Road,E8 8HQ,535343,185761,E05009380
9000000316,4 Mursell Road,E8 8HQ,535284,186487,E05009380
9000000317,5 Mursell Road,E8 8HQ,535422,186544,E05009380
9000000318,6 Mursell Road,E8 8HQ,534812,186566,E05009380
9000000319,7 Mursell Road,E8 8HQ,535113,185861,E05009380
9000000320,8 Mursell Road,E8 8HQ,535434,186051,E05009380
9000000321,9 Mursell Road,E8 8HQ,535257,185664,E05009380
9000000322,10 Mursell Road,E8 8HQ,535490,186570,E05009380
9000000323,11 Mursell Road,E8 8HQ,534948,186485,E05009380
9000000324,12 Mursell Road,E8 8HQ,535185,186997,E05009380
9000000325,1 Homerton Gardens,E8 1ZT,535004,186198,E05009380
9000000326,2 Homerton Gardens,E8 1ZT,535490,186809,E05009380
9000000327,3 Homerton Gardens,E8 1ZT,535324,185949,E05009380
9000000328,4 Homerton Gardens,E8 1ZT,535553,185466,E05009380
9000000329,5 Homerton Gardens,E8 1ZT,535264,187131,E05009380
9000000330,6 Homerton Gardens,E8 1ZT,535129,185613,E05009380
9000000331,7 Homerton Gardens,E8 1ZT,535457,186881,E05009380
9000000332,8 Homerton Gardens,E8 1ZT,535248,185945,E05009380
9000000333,9 Homerton Gardens,E8 1ZT,535413,186432,E05009380
9000000334,10 Homerton Gardens,E8 1ZT,535219,185450,E05009380
9000000335,11 Homerton Gardens,E8 1ZT,535382,185929,E05009380
9000000336,12 Homerton Gardens,E8 1ZT,535422,185527,E05009380
9000000337,1 Bellfast Street,E2 3FL,533817,184255,E05009381
9000000338,2 Bellfast Street,E2 3FL,534949,184393,E05009381
9000000339,3 Bellfast Street,E2 3FL,533625,184323,E05009381
9000000340,4 Bellfast Street,E2 3FL,534429,184017,E05009381
9000000341,5 Bellfast Street,E2 3FL,534772,184056,E05009381
9000000342,6 Bellfast Street,E2 3FL,533582,183930,E05009381
9000000343,7 Bellfast Street,E2 3FL,533802,184182,E05009381
9000000344,8 Bellfast Street,E2 3FL,534496,184141,E05009381
9000000345,9 Bellfast Street,E2 3FL,534943,184539,E05009381
9000000346,10 Bellfast Street,E2 3FL,533807,184386,E05009381
9000000347,11 Bellfast Street,E2 3FL,534466,184324,E05009381
9000000348,12 Bellfast Street,E2 3FL,534170,184137,E05009381
9000000349,1 Frampton Walk,N1 7QG,534909,184162,E05009381
9000000350,2 Frampton Walk,N1 7QG,534145,184011,E05009381
9000000351,3 Frampton Walk,N1 7QG,534799,184123,E05009381
9000000352,4 Frampton Walk,N1 7QG,534467,183977,E05009381
9000000353,5 Frampton Walk,N1 7QG,533724,184429,E05009381
9000000354,6 Frampton Walk,N1 7QG,534803,184159,E05009381
9000000355,7 Frampton Walk,N1 7QG,534608,184175,E05009381
9000000356,8 Frampton Walk,N1 7QG,533807,184339,E05009381
9000000357,9 Frampton Walk,N1 7QG,533810,184123,E05009381
9000000358,10 Frampton Walk,N1 7QG,533949,184345,E05009381
9000000359,11 Frampton Walk,N1 7QG,534309,184438,E05009381
9000000360,12 Frampton Walk,N1 7QG,534640,183533,E05009381
9000000361,1 Northwold Gardens,E9 7WJ,534112,185753,E05009382
9000000362,2 Northwold Gardens,E9 7WJ,533796,185547,E05009382
9000000363,3 Northwold Gardens,E9 7WJ,533417,185701,E05009382
9000000364,4 Northwold Gardens,E9 7WJ,533453,185722,E05009382
9000000365,5 Northwold Gardens,E9 7WJ,533378,185586,E05009382
9000000366,6 Northwold Gardens,E9 7WJ,533559,185606,E05009382
9000000367,7 Northwold Gardens,E9 7WJ,533547,185458,E05009382
9000000368,8 Northwold Gardens,E9 7WJ,533714,185338,E05009382
9000000369,9 Northwold Gardens,E9 7WJ,533668,185487,E05009382
9000000370,10 Northwold Gardens,E9 7WJ,533304,185526,E05009382
9000000371,11 Northwold Gardens,E9 7WJ,534044,185819,E05009382
9000000372,12 Northwold Gardens,E9 7WJ,533790,185672,E05009382
9000000373,1 Rendlesham Walk,N16 7RN,533419,185543,E05009382
9000000374,2 Rendlesham Walk,N16 7RN,534114,185565,E05009382
9000000375,3 Rendlesham Walk,N16 7RN,533891,185668,E05009382
9000000376,4 Rendlesham Walk,N16 7RN,533975,185419,E05009382
9000000377,5 Rendlesham Walk,N16 7RN,533446,185689,E05009382
9000000378,6 Rendlesham Walk,N16 7RN,533821,185345,E05009382
9000000379,7 Rendlesham Walk,N16 7RN,533645,185597,E05009382
9000000380,8 Rendlesham Walk,N16 7RN,533796,185539,E05009382
9000000381,9 Rendlesham Walk,N16 7RN,534122,185492,E05009382
9000000382,10 Rendlesham Walk,N16 7RN,533923,185459,E05009382
9000000383,11 Rendlesham Walk,N16 7RN,533974,185552,E05009382
9000000384,12 Rendlesham Walk,N16 7RN,534035,185431,E05009382
9000000385,1 Clissold Gardens,N1 4XN,533534,188011,E05009383
9000000386,2 Clissold Gardens,N1 4XN,533845,187612,E05009383
9000000387,3 Clissold Gardens,N1 4XN,534738,186893,E05009383
9000000388,4 Clissold Gardens,N1 4XN,534352,188049,E05009383
9000000389,5 Clissold Gardens,N1 4XN,534599,187516,E05009383
9000000390,6 Clissold Gardens,N1 4XN,533682,188037,E05009383
9000000391,7 Clissold Gardens,N1 4XN,533995,187750,E05009383
9000000392,8 Clissold Gardens,N1 4XN,534117,187912,E05009383
9000000393,9 Clissold Gardens,N1 4XN,533373,187881,E05009383
9000000394,10 Clissold Gardens,N1 4XN,533987,188074,E05009383
9000000395,11 Clissold Gardens,N1 4XN,533663,187716,E05009383
9000000396,12 Clissold Gardens,N1 4XN,534870,186729,E05009383
9000000397,1 Powerscroft Terrace,E9 1EJ,534522,187822,E05009383
9000000398,2 Powerscroft Terrace,E9 1EJ,534802,186769,E05009383
9000000399,3 Powerscroft Terrace,E9 1EJ,533417,187885,E05009383
9000000400,4 Powerscroft Terrace,E9 1EJ,534496,187837,E05009383
9000000401,5 Powerscroft Terrace,E9 1EJ,535021,187248,E05009383
9000000402,6 Powerscroft Terrace,E9 1EJ,534717,187098,E05009383
9000000403,7 Powerscroft Terrace,E9 1EJ,534281,187520,E05009383
9000000404,8 Powerscroft Terrace,E9 1EJ,534159,188138,E05009383
9000000405,9 Powerscroft Terrace,E9 1EJ,534519,188101,E05009383
9000000406,10 Powerscroft Terrace,E9 1EJ,534506,188004,E05009383
9000000407,11 Powerscroft Terrace,E9 1EJ,534307,187823,E05009383
9000000408,12 Powerscroft Terrace,E9 1EJ,535106,187172,E05009383
9000000409,1 Glyn Lane,N1 7NJ,533233,187258,E05009384
9000000410,2 Glyn Lane,N1 7NJ,533208,187155,E05009384
9000000411,3 Glyn Lane,N1 7NJ,533153,187308,E05009384
9000000412,4 Glyn Lane,N1 7NJ,533467,187504,E05009384
9000000413,5 Glyn Lane,N1 7NJ,532734,187090,E05009384
9000000414,6 Glyn Lane,N1 7NJ,533255,187313,E05009384
9000000415,7 Glyn Lane,N1 7NJ,533166,187237,E05009384
9000000416,8 Glyn Lane,N1 7NJ,532778,187378,E05009384
9000000417,9 Glyn Lane,N1 7NJ,533567,187654,E05009384
9000000418,10 Glyn Lane,N1 7NJ,533596,187455,E05009384
9000000419,11 Glyn Lane,N1 7NJ,532987,187031,E05009384
9000000420,12 Glyn Lane,N1 7NJ,532934,187008,E05009384
9000000421,1 Pembury Terrace,E9 4BF,532792,187185,E05009384
9000000422,2 Pembury Terrace,E9 4BF,533361,187255,E05009384
9000000423,3 Pembury Terrace,E9 4BF,532986,187100,E05009384
9000000424,4 Pembury Terrace,E9 4BF,532738,186925,E05009384
9000000425,5 Pembury Terrace,E9 4BF,533395,187449,E05009384
9000000426,6 Pembury Terrace,E9 4BF,533007,187085,E05009384
9000000427,7 Pembury Terrace,E9 4BF,532897,186991,E05009384
9000000428,8 Pembury Terrace,E9 4BF,532890,187017,E05009384
9000000429,9 Pembury Terrace,E9 4BF,533305,187340,E05009384
9000000430,10 Pembury Terrace,E9 4BF,532647,187095,E05009384
9000000431,11 Pembury Terrace,E9 4BF,533224,187672,E05009384
9000000432,1 Powerscroft Walk,N16 6YR,533816,186219,E05009385
9000000433,2 Powerscroft Walk,N16 6YR,533614,186270,E05009385
9000000434,3 Powerscroft Walk,N16 6YR,533643,186348,E05009385
9000000435,4 Powerscroft Walk,N16 6YR,533816,186517,E05009385
9000000436,5 Powerscroft Walk,N16 6YR,533564,185985,E05009385
9000000437,6 Powerscroft Walk,N16 6YR,533157,186120,E05009385
9000000438,7 Powerscroft Walk,N16 6YR,533533,186684,E05009385
9000000439,8 Powerscroft Walk,N16 6YR,533939,185737,E05009385
9000000440,9 Powerscroft Walk,N16 6YR,533409,186507,E05009385
9000000441,10 Powerscroft Walk,N16 6YR,533428,185916,E05009385
9000000442,11 Powerscroft Walk,N16 6YR,533548,186884,E05009385
9000000443,12 Powerscroft Walk,N16 6YR,533195,186965,E05009385
9000000444,1 Powerscroft Street,E9 8ST,533862,185863,E05009385
9000000445,2 Powerscroft Street,E9 8ST,533125,186695,E05009385
9000000446,3 Powerscroft Street,E9 8ST,533524,185844,E05009385
9000000447,4 Powerscroft Street,E9 8ST,533664,185893,E05009385
9000000448,5 Powerscroft Street,E9 8ST,533985,185750,E05009385
9000000449,6 Powerscroft Street,E9 8ST,533624,186895,E05009385
9000000450,7 Powerscroft Street,E9 8ST,533274,186065,E05009385
9000000451,8 Powerscroft Street,E9 8ST,533439,185871,E05009385
9000000452,9 Powerscroft Street,E9 8ST,533294,186006,E05009385
9000000453,10 Powerscroft Street,E9 8ST,533414,186920,E05009385
9000000454,11 Powerscroft Street,E9 8ST,533710,185900,E05009385
9000000455,1 Bellfast Road,E9 3AB,535607,184173,E05009386
9000000456,2 Bellfast Road,E9 3AB,535511,183883,E05009386
9000000457,3 Bellfast Road,E9 3AB,535813,183944,E05009386
9000000458,4 Bellfast Road,E9 3AB,535173,183696,E05009386
9000000459,5 Bellfast Road,E9 3AB,535535,183876,E05009386
9000000460,6 Bellfast Road,E9 3AB,535486,183707,E05009386
9000000461,7 Bellfast Road,E9 3AB,535387,184340,E05009386
9000000462,8 Bellfast Road,E9 3AB,534895,183665,E05009386
9000000463,9 Bellfast Road,E9 3AB,535151,183836,E05009386
9000000464,10 Bellfast Road,E9 3AB,535774,183848,E05009386
9000000465,11 Bellfast Road,E9 3AB,534992,183608,E05009386
9000000466,12 Bellfast Road,E9 3AB,535777,183798,E05009386
9000000467,1 Clissold Crescent,E8 3PE,535849,184044,E05009386
9000000468,2 Clissold Crescent,E8 3PE,535206,184014,E05009386
9000000469,3 Clissold Crescent,E8 3PE,535360,184445,E05009386
9000000470,4 Clissold Crescent,E8 3PE,535233,184301,E05009386
9000000471,5 Clissold Crescent,E8 3PE,535237,183860,E05009386
9000000472,6 Clissold Crescent,E8 3PE,535533,184224,E05009386
9000000473,7 Clissold Crescent,E8 3PE,536131,184267,E05009386
9000000474,8 Clissold Crescent,E8 3PE,535200,184278,E05009386
9000000475,9 Clissold Crescent,E8 3PE,535487,184205,E05009386
9000000476,10 Clissold Crescent,E8 3PE,535268,183979,E05009386
9000000477,11 Clissold Crescent,E8 3PE,535425,183928,E05009386
9000000478,1 Shacklewell Terrace,N16 7RW,532590,187357,E05009387
9000000479,2 Shacklewell Terrace,N16 7RW,532276,187193,E05009387
9000000480,3 Shacklewell Terrace,N16 7RW,532504,187101,E05009387
9000000481,4 Shacklewell Terrace,N16 7RW,532943,187893,E05009387
9000000482,5 Shacklewell Terrace,N16 7RW,532550,187649,E05009387
9000000483,6 Shacklewell Terrace,N16 7RW,532932,187518,E05009387
9000000484,7 Shacklewell Terrace,N16 7RW,532318,186827,E05009387
9000000485,8 Shacklewell Terrace,N16 7RW,532872,187503,E05009387
9000000486,9 Shacklewell Terrace,N16 7RW,533325,187973,E05009387
9000000487,10 Shacklewell Terrace,N16 7RW,532584,187417,E05009387
9000000488,11 Shacklewell Terrace,N16 7RW,532262,187212,E05009387
9000000489,12 Shacklewell Terrace,N16 7RW,533049,187979,E05009387
9000000490,1 Frampton Crescent,E5 2AG,532629,187457,E05009387
9000000491,2 Frampton Crescent,E5 2AG,532329,187726,E05009387
9000000492,3 Frampton Crescent,E5 2AG,532597,187174,E05009387
9000000493,4 Frampton Crescent,E5 2AG,532403,187697,E05009387
9000000494,5 Frampton Crescent,E5 2AG,532514,187122,E05009387
9000000495,6 Frampton Crescent,E5 2AG,533232,187925,E05009387
9000000496,7 Frampton Crescent,E5 2AG,532791,187917,E05009387
9000000497,8 Frampton Crescent,E5 2AG,533030,187974,E05009387
9000000498,9 Frampton Crescent,E5 2AG,531993,187790,E05009387
9000000499,10 Frampton Crescent,E5 2AG,532855,187686,E05009387
9000000500,11 Frampton Crescent,E5 2AG,532728,187449,E05009387
